{
    "multipart": [
        {   "when": { "OR": [
                { "power": "0", "north": "none", "east": "none", "south": "none", "west": "none"},
                { "power": "0", "north": "side|up", "east": "side|up" },
                { "power": "0", "east": "side|up", "south": "side|up" },
                { "power": "0", "south": "side|up", "west": "side|up"},
                { "power": "0", "west": "side|up", "north": "side|up"}
            ]},
            "apply": { "model": "block/redstone_dust_dot" }
        },
        {   "when": { "OR": [
                { "power": "0", "north": "side|up" },
                { "power": "0", "north": "none", "east": "none", "south": "side|up", "west": "none" }
            ]},
            "apply": { "model": "block/redstone_dust_side0" }
        },
        {   "when": { "OR": [
                { "power": "0", "south": "side|up" },
                { "power": "0", "north": "side|up", "east": "none", "south": "none", "west": "none" }
            ]},
            "apply": { "model": "block/redstone_dust_side_alt0" }
        },
        {   "when": { "OR": [
                { "power": "0", "east": "side|up" },
                { "power": "0", "north": "none", "east": "none", "south": "none", "west": "side|up" }
            ]},
            "apply": { "model": "block/redstone_dust_side_alt1", "y": 270 }
        },
        {   "when": { "OR": [
                { "power": "0", "west": "side|up" },
                { "power": "0", "north": "none", "east": "side|up", "south": "none", "west": "none" }
            ]},
            "apply": { "model": "block/redstone_dust_side1", "y": 270 }
        },
        {   "when": { "power": "0", "north": "up" },
            "apply": { "model": "block/redstone_dust_up" }
        },
        {   "when": { "power": "0", "east": "up" },
            "apply": { "model": "block/redstone_dust_up", "y": 90 }
        },
        {   "when": { "power": "0", "south": "up" },
            "apply": { "model": "block/redstone_dust_up", "y": 180 }
        },
        {   "when": { "power": "0", "west": "up" },
            "apply": { "model": "block/redstone_dust_up", "y": 270 }
        },
        {   "when": { "OR": [
                { "power": "1|2|3|4|5|6|7|8|9|10|11|12|13|14|15", "north": "none", "east": "none", "south": "none", "west": "none"},
                { "power": "1|2|3|4|5|6|7|8|9|10|11|12|13|14|15", "north": "side|up", "east": "side|up" },
                { "power": "1|2|3|4|5|6|7|8|9|10|11|12|13|14|15", "east": "side|up", "south": "side|up" },
                { "power": "1|2|3|4|5|6|7|8|9|10|11|12|13|14|15", "south": "side|up", "west": "side|up"},
                { "power": "1|2|3|4|5|6|7|8|9|10|11|12|13|14|15", "west": "side|up", "north": "side|up"}
            ]},
            "apply": { "model": "block/redstone_on_dot" }
        },
        {   "when": { "OR": [
                { "power": "1|2|3|4|5|6|7|8|9|10|11|12|13|14|15", "north": "side|up" },
                { "power": "1|2|3|4|5|6|7|8|9|10|11|12|13|14|15", "north": "none", "east": "none", "south": "side|up", "west": "none" }
            ]},
            "apply": { "model": "block/redstone_on_side0" }
        },
        {   "when": { "OR": [
                { "power": "1|2|3|4|5|6|7|8|9|10|11|12|13|14|15", "south": "side|up" },
                { "power": "1|2|3|4|5|6|7|8|9|10|11|12|13|14|15", "north": "side|up", "east": "none", "south": "none", "west": "none" }
            ]},
            "apply": { "model": "block/redstone_on_side_alt0" }
        },
        {   "when": { "OR": [
                { "power": "1|2|3|4|5|6|7|8|9|10|11|12|13|14|15", "east": "side|up" },
                { "power": "1|2|3|4|5|6|7|8|9|10|11|12|13|14|15", "north": "none", "east": "none", "south": "none", "west": "side|up" }
            ]},
            "apply": { "model": "block/redstone_on_side_alt1", "y": 270 }
        },
        {   "when": { "OR": [
                { "power": "1|2|3|4|5|6|7|8|9|10|11|12|13|14|15", "west": "side|up" },
                { "power": "1|2|3|4|5|6|7|8|9|10|11|12|13|14|15", "north": "none", "east": "side|up", "south": "none", "west": "none" }
            ]},
            "apply": { "model": "block/redstone_on_side1", "y": 270 }
        },
        {   "when": { "power": "1|2|3|4|5|6|7|8|9|10|11|12|13|14|15", "north": "up" },
            "apply": { "model": "block/redstone_on_up" }
        },
        {   "when": { "power": "1|2|3|4|5|6|7|8|9|10|11|12|13|14|15", "east": "up" },
            "apply": { "model": "block/redstone_on_up", "y": 90 }
        },
        {   "when": { "power": "1|2|3|4|5|6|7|8|9|10|11|12|13|14|15", "south": "up" },
            "apply": { "model": "block/redstone_on_up", "y": 180 }
        },
        {   "when": { "power": "1|2|3|4|5|6|7|8|9|10|11|12|13|14|15", "west": "up" },
            "apply": { "model": "block/redstone_on_up", "y": 270 }
        }
    ]
}
